{"schemaVersion":"1.0","appDefinitionTemplate":{"id":"/providers/Microsoft.PowerApps/apps/","type":"Microsoft.PowerApps/apps","tags":{"sp-site-id":"https://giftedworld-my.sharepoint.com/personal/giftahmed_giftedworld_onmicrosoft_com","sp-list-id":"34c76a25-ede8-4102-a979-fa17d75f7ecf","https://giftedworld-my.sharepoint.com/personal/giftahmed_giftedworld_onmicrosoft_com":"34c76a25-ede8-4102-a979-fa17d75f7ecf","primaryDeviceWidth":"640","primaryDeviceHeight":"1136","supportsPortrait":"true","supportsLandscape":"true","primaryFormFactor":"Phone","publisherVersion":"3.22084.17","minimumRequiredApiVersion":"2.2.0","hasComponent":"false","hasUnlockedComponent":"false","isUnifiedRootApp":"false","sienaVersion":"20220907T045815Z-3.22084.17.0"},"properties":{"appVersion":"2022-09-07T04:58:15Z","lifeCycleId":"Published","createdByClientVersion":{"major":3,"minor":22084,"build":17,"revision":0,"majorRevision":0,"minorRevision":0},"minClientVersion":{"major":3,"minor":22084,"build":17,"revision":0,"majorRevision":0,"minorRevision":0},"backgroundColor":"RGBA(0,176,240,1)","backgroundImageUri":"/17495301010466841970/N5a5997c2-c386-428d-9b6d-a4f9593bb8ad-logoSmallFile","displayName":"ConTex","description":"","commitMessage":"","appUris":{"documentUri":{"value":"/17495301010466841970/N85285088-a983-4276-bd99-6005b06c8be1-document.msapp"},"imageUris":[],"additionalUris":[]},"createdTime":"0001-01-01T00:00:00Z","lastModifiedTime":"0001-01-01T00:00:00Z","sharedGroupsCount":0,"sharedUsersCount":0,"connectionReferences":{"080864c2-3c6e-4d55-b492-41589b867e1c":{"id":"9b9eefc5-0cf3-4828-8808-a539aa634a37","displayName":"SharePoint","iconUri":"https://connectoricons-prod.azureedge.net/releases/v1.0.1591/1.0.1591.2961/sharepointonline/icon.png","dataSources":["Content Scheduler"],"dependencies":[],"dependents":[],"parameterHints":{},"parameterHintsV2":{},"isOnPremiseConnection":false,"bypassConsent":false,"dataSets":{"https://giftedworld-my.sharepoint.com/personal/giftahmed_giftedworld_onmicrosoft_com":{"dataSources":{"Content Scheduler":{"tableName":"34c76a25-ede8-4102-a979-fa17d75f7ecf"}}}},"apiTier":"Standard","isCustomApiConnection":false,"actions":["providers/PowerPlatform.Governance/Operations/Read","providers/PowerPlatform.Governance/Operations/Write","providers/PowerPlatform.Governance/Operations/Delete"]}},"databaseReferences":{},"almMode":"Environment","performanceOptimizationEnabled":true,"canConsumeAppPass":true,"enableModernRuntimeMode":false,"executionRestrictions":{"isTeamsOnly":false,"dataLossPreventionEvaluationResult":{"status":"Compliant","lastEvaluationDate":"2022-09-07T03:37:30.4473538Z","violations":[],"violationsByPolicy":[],"violationErrorMessage":"The app uses the following connectors: shared_sharepointonline."}}},"appType":"ClassicCanvasApp","appComponents":[]}}